Kids_First_Biospecimen_ID_DNA	BRAF_V600E	Kids_First_Participant_ID	sample_id	Kids_First_Biospecimen_ID_RNA	FusionName
BS_YEWX69X4	Yes	PT_K39HM2JF	7316-1084	BS_HC5M8JTC	None
BS_8B1YF57H	Yes	PT_48N4Y6YP	7316-1866	BS_3G3KWY18	None
BS_CPYV7AHD	Yes	PT_41QYPSGV	7316-884	BS_9BJARSX3	None
BS_5R0HHQ1Y	Yes	PT_3MNY9BRY	7316-2583	BS_6VF6VPCG	None
BS_9NF39QAW	Yes	PT_4XVA57J7	7316-1760	BS_B3M5SGPA	None
BS_JHGFJR3D	Yes	PT_RRT2E7HK	7316-136	BS_B0SVFK4P	None
BS_5Z4XQC9X	Yes	PT_TXFYRDP4	7316-193	BS_1G3WYEN3	None
BS_E7HEQZ1K	Yes	PT_KMHGNCNR	7316-350	BS_T3H5AY8A	None
BS_40SJZGT2	Yes	PT_CM32ZCX6	7316-2215	BS_EYSS0ZDS	None
BS_10AD3EFX	Yes	PT_3T3VGWC6	7316-375	BS_7XRN3CFX	None
BS_QC5FNXGH	Yes	PT_45YH276T	7316-499	BS_9P9MB8X8	None
BS_PEDGRK8S	Yes	PT_RKECV80K	7316-9	BS_ZVX2GRD6	None
BS_XH5JP8DB	Yes	PT_T1FV709B	7316-681	BS_EXGBH3TD	None
BS_SE82EQF8	Yes	PT_TD6ST5MG	7316-235	BS_2YCJV2VV	None
BS_Z9PKZ4RT	Yes	PT_PFP1ZVHD	7316-2310	BS_DEHJF4C7	None
BS_SD28E0SC	Yes	PT_N3HVMV06	7316-2075	BS_YCREDZTJ	None
BS_NZRJE7QA	Yes	PT_BWGZBVD1	7316-1678	BS_4Z2F4P9N	None
BS_T5T21G7N	Yes	PT_KMHGNCNR	7316-944	BS_9DFBHHB5	None
BS_NCGGFG6H	Yes	PT_3T3VGWC6	7316-3923	BS_FJZPQZ2C	None
BS_95RRF4NE	Yes	PT_SRWZDG3N	7316-361	BS_24AHZ9ZW	None
BS_QDGHHS4S	Yes	PT_FFRHWB74	7316-932	BS_2EMW8ZG3	None
BS_30W38X77	Yes	PT_0CE0HFYB	7316-2581	BS_E3EJHXQV	None
BS_QMG7XNEW	Yes	PT_DMMKT7X1	7316-1635	BS_C51RB0YR	None
BS_CGCNC41M	Yes	PT_1TGKS073	7316-1659	BS_X91K8KMG	None
BS_NHRNZRQV	Yes	PT_YXJQGT69	7316-934	BS_GPEGRCCT	None
BS_6Q9PMNWY	No	PT_KXB1PJV0	7316-206	BS_3Q0GTSYH	KIAA1549--BRAF
BS_QE5B0T7R	No	PT_H0HWHRPB	7316-1679	BS_N6NE6B3W	None
BS_8S2CZBA6	No	PT_S2SQJVGK	7316-344	BS_JFR750KD	None
BS_6XP91JM2	No	PT_DEYCW197	7316-175	BS_HV8PFRBR	None
BS_7M5272WN	No	PT_5VAKED5F	7316-2689	BS_49852ZBH	KIAA1549--BRAF
BS_PMSZKZP7	No	PT_DQ3ZCHB6	7316-2195	BS_258RRGDM	None
BS_2RJN5Z4W	No	PT_ZVV78QP5	7316-117	BS_DPF1CX0G	KIAA1549--BRAF
BS_VPJ9CARN	No	PT_AC5SD9AC	7316-2291	BS_66HQ3E4Z	KIAA1549--BRAF
BS_41TD9XET	No	PT_JQ45JK94	7316-222	BS_QH82PBMB	KIAA1549--BRAF
BS_M8EBKZDG	No	PT_6MWPJ96F	7316-1928	BS_VR7FR1NE	KIAA1549--BRAF
BS_Y4ZX0YX7	No	PT_DA2TJAV1	7316-482	NA	NA
BS_MT5ZSRG4	No	PT_ZR8MQRVG	7316-346	BS_NB5XWMJT	KIAA1549--BRAF
BS_RGSJMSRE	No	PT_RMK36R2E	7316-2275	BS_NS7GSHB9	None
BS_VA07453Z	No	PT_GHHY5AAE	7316-741	BS_EHVYJAVA	None
BS_AJAH8KG5	No	PT_N8W26H19	7316-177	NA	NA
BS_4P25NNZD	No	PT_50ZFWMZE	7316-1942	BS_X16PENSA	KIAA1549--BRAF
BS_1GK2EMFY	No	PT_W3FSA7NH	7316-3522	BS_VARR255N	KIAA1549--BRAF
BS_9E6Q11G2	No	PT_EYZ25B99	7316-470	BS_ZRM0W01M	None
BS_6X3Z0AVR	No	PT_VGXHFMND	7316-1643	BS_ET8CJXSF	KIAA1549--BRAF
BS_MBYEK6HV	No	PT_N8W26H19	7316-3061	BS_9DZ253JY	None
BS_3AERRZQT	No	PT_CK41DW03	7316-329	BS_1JDG6JV5	None
BS_WQ19Z6MD	No	PT_FXPJM0MW	7316-207	BS_RRAEQZ97	None
BS_5TT6TT4K	No	PT_02J5CWN5	7316-898	BS_1RXZ3BP7	None
BS_8W0FNBWF	No	PT_JYZA0PNV	7316-437	BS_94MT16N2	None
BS_GFS9JEE6	No	PT_41WETNRC	7316-3065	BS_BKQZ550R	None
BS_32HAVF6S	No	PT_EZEMVRVT	7316-3154	BS_F8N6CFQE	KIAA1549--BRAF
BS_KCN7NG92	No	PT_CB1XPA3W	7316-1767	BS_X59HSFGG	None
BS_H50HR85Y	No	PT_8R00BMHH	7316-1845	BS_EBMCTR80	None
BS_WSFB4SA2	No	PT_CB9PD1YP	7316-97	BS_CVGFNCBJ	None
BS_Y43VC4VG	No	PT_BDNE55YT	7316-1710	BS_42Y3YANN	KIAA1549--BRAF
BS_01Y5F4PN	No	PT_QK4XB83F	7316-663	BS_JG9JZTA9	None
BS_YGQS4660	No	PT_S2SQJVGK	7316-442	BS_S458NMKH	None
BS_P0KQFXNC	No	PT_12JTZFC2	7316-3504	BS_42DY6WS7	KIAA1549--BRAF
BS_5Y2Q63Y4	No	PT_7YSCM82T	7316-1658	BS_AG3D3435	None
BS_3ZMH8578	No	PT_GQZ84ACS	7316-487	BS_53GQKVEX	KIAA1549--BRAF
BS_R9V82BC1	No	PT_3J0ASVHN	7316-3622	BS_7Z93ZYMS	KIAA1549--BRAF
BS_VW96PFKQ	No	PT_3RN24N9X	7316-20	BS_NRFQEQKP	KIAA1549--BRAF
BS_2HNHCSNB	No	PT_GCKT4FJX	7316-3919	BS_775HDFNY	KIAA1549--BRAF
BS_36HCZ3KW	No	PT_T5CR5HQZ	7316-33	NA	NA
BS_2VB8649B	No	PT_02J5CWN5	7316-2989	BS_M8WP5T16	None
BS_X9PJ715R	No	PT_S3FJSBJT	7316-1794	BS_ZV9Z3SY6	KIAA1549--BRAF
BS_060QB7XB	No	PT_YGN06RPZ	7316-2208	BS_1KYGSMA7	KIAA1549--BRAF
BS_C1RRDNF5	No	PT_E3ADF4ZB	7316-2664	BS_ZVZDDW2G	None
BS_KVV3G6NP	No	PT_S2CXXZCF	7316-643	BS_Y0PCBNJV	KIAA1549--BRAF
BS_Q50P97Y0	No	PT_S0PBN4M7	7316-1805	BS_RWJZFTP9	KIAA1549--BRAF
BS_3R0KN6Z4	No	PT_6E8JYRXM	7316-2729	BS_JWSR581E	KIAA1549--BRAF
BS_E9ATGWME	No	PT_R1DHB0ZT	7316-2642	NA	NA
BS_RZNNEX1Y	No	PT_WYF217NZ	7316-345	BS_52DAPP1Y	KIAA1549--BRAF
BS_RB8VSEVG	No	PT_5P3XJ97K	7316-390	BS_GYXSDZ56	KIAA1549--BRAF
BS_F9ZTZ4YS	No	PT_QT3MK7BZ	7316-1977	BS_B6M763JS	None
BS_5NAKYS1S	No	PT_J0SZ1SX5	7316-2589	BS_R13X6TMW	None
BS_9GSWPZ44	No	PT_K30AWQ8A	7316-393	BS_M8M56Z4Y	KIAA1549--BRAF
BS_HW4J7JM8	No	PT_EYHJQQ8E	7316-77	BS_G7AGNB5G	None
BS_XKP747AS	No	PT_CGPJY881	7316-891	BS_N1E0H8YQ	KIAA1549--BRAF
BS_XVYRXN8J	No	PT_BK92NM09	7316-2669	BS_Q3TBCK4V	KIAA1549--BRAF
BS_JA3XXP1Y	No	PT_Y572BRC1	7316-2147	BS_EN2VK7NY	KIAA1549--BRAF
BS_PEFRDKDZ	No	PT_ZRQQC2S9	7316-3139	BS_4EN8D8Y4	None
BS_WXKCR17Q	No	PT_5GQ76YZJ	7316-168	BS_SDZY6RZ3	KIAA1549--BRAF
BS_0S617SMM	No	PT_EQ5C5TEA	7316-3922	BS_KEA474HN	KIAA1549--BRAF
BS_16TBX6G5	No	PT_HV6C0T34	7316-3062	BS_XGSA3GQE	KIAA1549--BRAF
BS_YMDPFK0V	No	PT_KQK98ZVP	7316-1803	BS_2WPQ8YCW	KIAA1549--BRAF
BS_VXNT1TDB	No	PT_PGVQ4XRZ	7316-946	BS_AP0SZ364	None
BS_FQ2ZBMPA	No	PT_XSS1ANXD	7316-495	BS_H8A9PSYA	KIAA1549--BRAF
BS_N9N1X78X	No	PT_4JG5KWE8	7316-50	BS_JKXA3FQC	BRAF--TPK1, FAM131B--BRAF
BS_0DKPGQWD	No	PT_BQ8BQ01J	7316-183	BS_0T17SY47	None
BS_KH0NFCWF	No	PT_TH18S0JQ	7316-3068	BS_YZ2Z1Q6Y	KIAA1549--BRAF
BS_3A0CJMRH	No	PT_E79807KT	7316-1087	BS_EYYMKWB7	None
BS_BNFCXVYZ	No	PT_KHX1WQ4H	7316-186	BS_BC936YNZ	BRAF--PID1, PID1--BRAF
BS_6XHDR1WS	No	PT_H45M7M2T	7316-1652	BS_HX0S30NE	BRAF--TRIM24, CAPZA2--BRAF, TAX1BP1--BRAF, TRIM24--BRAF, TRIM24--BRAF/AC006006.1
BS_4GKH983E	No	PT_FCM7XPVR	7316-2285	BS_MQCKXD60	None
BS_S88G7BXH	No	PT_94EHCMXA	7316-217	BS_V7BJM89K	None
BS_W9FW1PAE	No	PT_4ZSR5DY8	7316-2667	BS_HA20Y4XY	None
BS_32JF8TPP	No	PT_PFA762TK	7316-462	BS_K2VYFVKZ	KIAA1549--BRAF
BS_K049HVGR	No	PT_3WA1XB8G	7316-70	BS_ME3HKN2C	None
BS_4QFSH7C4	No	PT_2YT37G8P	7316-399	BS_PK18H7E7	KIAA1549--BRAF
BS_GAA327FP	No	PT_0EWY6S6S	7316-3491	BS_470DYRJQ	KIAA1549--BRAF
BS_8TFBNHT0	No	PT_2FVTD0WR	7316-2897	BS_YG0A13JH	None
BS_ZP89F1JY	No	PT_MNR94DEV	7316-370	BS_0WVJYM9R	KIAA1549--BRAF
BS_N0Z6V2YG	No	PT_C2VY5NM6	7316-875	BS_9F09XV62	None
BS_ERMGD2N5	No	PT_2ECVKTTQ	7316-2154	BS_6P50QTPP	None
BS_QZTPJ8YW	No	PT_3V5GTCJR	7316-1646	BS_063ERW0R	KIAA1549--BRAF
BS_AEMRNSQX	No	PT_4TASAQKA	7316-3566	BS_JVA2NQFF	KIAA1549--BRAF
BS_6GV08HTE	No	PT_6MWPJ96F	7316-1711	BS_NPQJ20KX	KIAA1549--BRAF
BS_P36C0ABE	No	PT_4Z34K4XB	7316-733	BS_Q79NP5YY	KIAA1549--BRAF
BS_WD7AQV83	No	PT_7JQ24F35	7316-1957	BS_1TPWFSK6	None
BS_GKN0B47F	No	PT_M5HDHQNQ	7316-475	BS_9Q6Z6VJC	KIAA1549--BRAF
BS_P3KD5EQG	No	PT_P9RT6693	7316-2566	BS_V3REENH9	KIAA1549--BRAF
BS_Q0XBZP88	No	PT_TS0FW57Z	7316-2167	BS_1ZVXF5FE	KIAA1549--BRAF
BS_AJ0T7DJ7	No	PT_D5KHK0SS	7316-882	BS_GWCRMKE6	None
BS_3QDRWJCF	No	PT_YKVK5HTK	7316-441	BS_M4TTKPNR	KIAA1549--BRAF
BS_9X9E86DY	No	PT_20ZM6THA	7316-3629	BS_E94QRJDW	BRAF--RNF130, RNF130--BRAF
BS_FHFVCQ41	No	PT_N9SG16EC	7316-1958	BS_4Y6BCYK5	KIAA1549--BRAF
BS_J5J0EA7Y	No	PT_2BJF83GQ	7316-1745	BS_02NZT8CE	None
BS_F48RA7QF	No	PT_2C63FJAM	7316-3040	BS_W4HGV6E7	None
BS_JJZPY3BG	No	PT_SJEG0MKD	7316-146	BS_Z0AVVB1V	KIAA1549--BRAF
BS_8EB1S8MK	No	PT_XNMKQ4MR	7316-2006	BS_CTR5X93B	None
BS_Q3ANJDVG	No	PT_962TCBVR	7316-896	BS_WG203ECV	KIAA1549--BRAF
BS_2F70R10Z	No	PT_V07ZH5JS	7316-472	BS_V72GX2AZ	KIAA1549--BRAF
BS_W9P0PFDH	No	PT_S7WJ99PC	7316-677	BS_AVYNZHSB	None
BS_MZJJRDZF	No	PT_1BV6ND1D	7316-3203	BS_H3FE3TH9	KIAA1549--BRAF
BS_JSMAT49K	No	PT_V2F0865M	7316-642	BS_0Y66ZBWE	None
BS_VQC2PE2B	No	PT_9B6KWJT2	7316-1226	BS_Z7Y2466H	KIAA1549--BRAF
BS_0XD58YD9	No	PT_E66N7YBN	7316-35	NA	NA
BS_EQE19CB0	No	PT_K63972GG	7316-666	BS_7P83Z28P	KIAA1549--BRAF
BS_ARE4EM81	No	PT_FAPEH6R1	7316-1660	BS_4NF35AF6	None
BS_DC7XYYG8	No	PT_66XN3MT1	7316-936	BS_8Z3SCKB5	None
BS_NEX92KQH	No	PT_WGWMA5AZ	7316-148	BS_13CGKADW	None
BS_2SG8JNMB	No	PT_NNZQ09SH	7316-1109	BS_WVS02TZK	None
BS_MZB884N9	No	PT_2YCHME6S	7316-2622	BS_EXYHZ6D4	None
BS_49JD1V3S	No	PT_3CVMBGD7	7316-1963	BS_9SJWWYQ4	KIAA1549--BRAF
BS_3DYRAZE7	No	PT_E78NHRWQ	7316-1081	BS_HSHN8PBB	KIAA1549--BRAF
BS_GDPZN3SD	No	PT_FKWCVXNC	7316-332	BS_17WYVEEC	KIAA1549--BRAF
BS_GCQEB05M	No	PT_DMHFS0HX	7316-3055	BS_YVMEEBKC	KIAA1549--BRAF
BS_HW4MYBZ2	No	PT_409Y4N1N	7316-84	BS_SFKZSJN1	None
BS_N8D9FH6M	No	PT_EW604JB3	7316-1134	BS_SDA4RMMG	KIAA1549--BRAF
BS_QYWGB52C	No	PT_2Z7GVDTM	7316-3515	BS_DV86M0Y7	KIAA1549--BRAF
BS_Q5XKTB1V	No	PT_SBHN5F68	7316-516	BS_6N3AFF66	KIAA1549--BRAF
BS_R913E3VB	No	PT_VABP80N2	7316-1949	BS_21RE8W46	KIAA1549--BRAF
BS_ABENB1H2	No	PT_N9CGVG02	7316-2197	BS_V89HGTET	KIAA1549--BRAF
BS_WRJNMEX2	No	PT_6TKJRSPW	7316-162	BS_GCA4GET3	KIAA1549--BRAF
BS_45913DTA	No	PT_HYXSSCJ5	7316-1088	BS_3P20Q2C3	None
BS_P3EVK3C2	No	PT_S21ZTKPS	7316-362	BS_014EVM2D	FAM131B--BRAF
BS_47454JJ6	No	PT_SDK91A16	7316-247	BS_DSS3S5XD	KIAA1549--BRAF
BS_7HC4W4SA	No	PT_GB8MNK85	7316-1086	BS_QC3XCE6X	None
BS_SK949N33	No	PT_E1TRJP8V	7316-134	BS_HQ5BJ6MW	KIAA1549--BRAF
BS_89RCN9PF	No	PT_NZFFMZ0B	7316-923	BS_K5802F84	None
BS_PV130A29	No	PT_YRMG61G8	7316-2305	BS_5PV5N4HQ	KIAA1549--BRAF
BS_NYVVN7SD	No	PT_2WVW55DA	7316-1890	BS_QAG1RDXN	None
BS_QA0W86WP	No	PT_NPPBNRVV	7316-1943	BS_D3YBV7KB	None
BS_FFD25TTK	No	PT_VJ0M4E8Y	7316-2099	BS_CGB2WS2A	KIAA1549--BRAF
BS_D2BZ25FW	No	PT_6N1QWCXE	7316-3169	BS_4HQ3T2NC	KIAA1549--BRAF
BS_F1B71HTZ	No	PT_1KEER2Q1	7316-460	BS_YY5B2XDD	KIAA1549--BRAF
BS_DT92H1MJ	No	PT_76Q72M5T	7316-397	BS_NYS8TRCB	None
BS_4M0ZMCDC	No	PT_TPSMT960	7316-400	BS_SHMC4902	KIAA1549--BRAF
BS_QD22MJJ5	No	PT_QAX38GM7	7316-3570	BS_044XZ8ST	ANTXR1--BRAF, BRAF--ANTXR1
BS_Z4Q8RH5M	No	PT_0K0DPVF6	7316-121	BS_66ABA973	KIAA1549--BRAF
BS_E2RXQ3JW	No	PT_X1PRY0FC	7316-1779	BS_FJWZ3M7V	KIAA1549--BRAF
BS_XBBBE8V2	No	PT_XWVQW6JX	7316-3556	BS_GYA4V1RD	BRAF--HIPK2, KIAA1549--BRAF
BS_G2016BE5	No	PT_TB8HPJBN	7316-2663	BS_A13BMEF5	KIAA1549--BRAF
BS_YH4DYNQ2	No	PT_4ZSR5DY8	7316-264	BS_5CMGN56B	None
BS_3MYQP7P5	No	PT_S4YNE17X	7316-2899	BS_GR46VD0Q	None
BS_KYG3H6C6	No	PT_MPRBGGEJ	7316-2172	BS_S50KQEXV	KIAA1549--BRAF
BS_WDTT7PG2	No	PT_ZMKMKCFQ	7316-2753	BS_YMAJC22S	None
BS_CP435MAC	No	PT_H57TEQDT	7316-2324	BS_B7GEH89C	None
BS_QM1Z8R38	No	PT_5CNZ47XV	7316-1926	BS_JMHG7GCN	KIAA1549--BRAF
BS_WB8P21ED	No	PT_8XZY6MM1	7316-957	BS_T4JFN54G	None
BS_THH0CE5A	No	PT_1J2DT6MM	7316-2184	BS_GHNJ4CYC	KIAA1549--BRAF
BS_T97EP8H0	No	PT_QT9T89S5	7316-297	BS_T1W4JA94	KIAA1549--BRAF
BS_K6BMXTW5	No	PT_C1M4YF1R	7316-127	BS_NQB91P48	KIAA1549--BRAF
BS_895FJ34T	No	PT_7JQ24F35	7316-1681	BS_R634WKN7	None
BS_ZJZFT0AJ	No	PT_2YT37G8P	7316-2962	BS_VW85Q4XJ	KIAA1549--BRAF
BS_2NN6ME5A	No	PT_F27SA15G	7316-1661	BS_YA8RBGD8	None
BS_41SWNWAG	No	PT_GWX2XSM0	7316-2752	NA	NA
BS_3108RS7G	No	PT_K6G6BE6G	7316-1113	BS_A46RDWGM	None
BS_GRS3T427	No	PT_ZMKMKCFQ	7316-2988	BS_2R9TCR03	None
BS_50XV7CTQ	No	PT_5M8A47WW	7316-436	BS_ZZMYDZJW	KIAA1549--BRAF
BS_06GPPDHZ	No	PT_Y8HSH496	7316-196	BS_X0F9AYEC	None
BS_R726FKHP	No	PT_RXJZ3C5G	7316-2632	BS_8RCR7Y4B	None
BS_03SSN1N2	No	PT_3KK1F95W	7316-1744	BS_0X9EGHY2	None
BS_MW6YMRBJ	No	PT_YZME6QCY	7316-2245	BS_68BW2163	None
BS_3C4YAMKJ	No	PT_YGN06RPZ	7316-2204	BS_X9EGD530	KIAA1549--BRAF
BS_ZAH4FHV2	No	PT_9M4CQX3M	7316-1972	BS_ARBQDTT5	None
BS_K3YT05M7	No	PT_TEBD1SES	7316-3054	BS_ZTWGFWTX	KIAA1549--BRAF
BS_2CQ6K2JW	No	PT_962TCBVR	7316-391	BS_VP3C8WZT	KIAA1549--BRAF
BS_7M7JNG00	No	PT_1H2REHT2	7316-2990	BS_E0N3PTPN	None
BS_1B4Q7CNG	No	PT_EF398HVC	7316-1975	BS_8J3B6ZB6	KIAA1549--BRAF
BS_B6K0N6HS	No	PT_NA8NZ0BN	7316-2135	BS_YEQVW4ND	None
BS_17AXPP1Y	No	PT_2PRV78FX	7316-176	BS_E1CGF3KV	None
BS_JJNSP29S	No	PT_3SW2VHD5	7316-2984	BS_N5B2CZMH	None
BS_R94EDP5H	No	PT_2WVW55DA	7316-502	BS_D8N31T39	None
BS_APAQ2X2S	No	PT_5ABCFCSK	7316-1851	BS_A1VEGWTR	KIAA1549--BRAF
BS_J037K4BM	No	PT_Y572BRC1	7316-2193	BS_S4V9E1XJ	KIAA1549--BRAF
BS_ZKZACPVV	No	PT_A9F8Y6MA	7316-476	BS_4C4MZ4NT	KIAA1549--BRAF
BS_04B8X54S	No	PT_ATE3YRH5	7316-3308	BS_BPSTSCBJ	KIAA1549--BRAF
BS_KG1YMTA4	No	PT_ADTP7EHN	7316-1664	BS_K7MVS0Z7	KIAA1549--BRAF
BS_SMCPASF0	No	PT_XXZHRPNM	7316-2572	BS_MF9X3PKH	KIAA1549--BRAF
BS_9HDPJT21	No	PT_Q25V9Y6M	7316-1668	BS_55P8HPYD	KIAA1549--BRAF
BS_Y3ETG5AE	No	PT_YMN5GV47	7316-658	BS_VP5Y45Z7	None
BS_Y2C78JC4	No	PT_NTK39NNV	7316-3076	BS_2ADZNNV4	KIAA1549--BRAF
BS_235QEYMQ	No	PT_Q3EP24V1	7316-154	BS_06AMMCXR	KIAA1549--BRAF
BS_XHAQXDR0	No	PT_PFA762TK	7316-368	BS_BN986DF6	KIAA1549--BRAF
BS_2JDVY4F7	No	PT_HMY997GX	7316-3554	BS_3W07B2TG	None
BS_J6VRW67C	No	PT_0MHKP408	7316-726	BS_JH29M4KG	None
BS_5BNV7MCF	No	PT_JMW6Q6NH	7316-1648	BS_CB6VK7PB	KIAA1549--BRAF
BS_KM878Y43	No	PT_GVDMG7KC	7316-152	BS_WCRKYV0T	None
BS_F4D169Q7	No	PT_DW6V5V8E	7316-924	BS_EFEZB0ZH	KIAA1549--BRAF
BS_6FV7BDE3	No	PT_JPWVCTAJ	7316-1953	BS_R244Z0WX	KIAA1549--BRAF
BS_ME97J1GA	No	PT_962TCBVR	7316-2744	BS_NRPG5K4K	KIAA1549--BRAF
BS_16FT8V4B	No	PT_VZTTTP3Q	7316-167	BS_E4QK839R	None
BS_4ZKN0WGS	No	PT_7YGZ526E	7316-1978	BS_SXRS2P6T	KIAA1549--BRAF
BS_CQ8C6X4X	No	PT_2VSDT9CK	7316-3575	BS_G9XE3N9T	None
BS_0QEBZX3M	No	PT_8FWP7BR3	7316-449	BS_TMTV769C	None
BS_F969DNHD	No	PT_EEKE0V9T	7316-32	BS_5NWDARXG	None
BS_C6GBYR17	No	PT_MBAXTJET	7316-275	BS_401R3KV0	None
BS_TZPJHKQR	No	PT_N8W26H19	7316-267	BS_2KJ2YAZR	None
BS_DW1CYEXP	No	PT_2ECVKTTQ	7316-173	BS_W3R88RFP	None
BS_YXCVR90M	No	PT_6R95FQT2	7316-459	BS_8VAZSJEN	KIAA1549--BRAF
BS_PP4WJBNR	No	PT_RFF7MKTC	7316-954	BS_5YJEPPTP	KIAA1549--BRAF
BS_042DVDQM	No	PT_Y572BRC1	7316-485	BS_V0Q1G94N	KIAA1549--BRAF
BS_AXM96K20	No	PT_54MH6Q46	7316-2591	BS_PN2CE34A	None
BS_E9M7TDB6	No	PT_H45M7M2T	7316-3074	BS_YB2RXRHT	CAPZA2--BRAF, TAX1BP1--BRAF, TRIM24--BRAF
BS_D09VWF8H	No	PT_27FDWCVZ	7316-184	BS_G5QBBHDV	None
BS_YZ2YNEJJ	No	PT_VBNP6JFB	7316-1095	BS_T55Y4Z0Y	None
BS_QXZTRMWM	No	PT_1VQWQ0TC	7316-3627	BS_47SJZ3PH	None
BS_XSWF2MR1	No	PT_SMDEQVHJ	7316-119	BS_0SCXXM6N	KIAA1549--BRAF
BS_78TQS4Y3	No	PT_ZZTQQVCT	7316-2723	BS_Y7F9E2E9	None
BS_Z7R92XX6	No	PT_XA8ASFJK	7316-3762	BS_KX6J8TRK	None
BS_KYPZRS4S	No	PT_7TEHW6VQ	7316-2755	BS_PEP9NZXN	KIAA1549--BRAF
BS_QK61ST4T	No	PT_WVC247PK	7316-1090	BS_0J9SHHSC	KIAA1549--BRAF
BS_KT9H4B1N	No	PT_6DW5NFKX	7316-3150	BS_7H4RFCW9	None
BS_XVBX7ZK1	No	PT_YJGTKDV0	7316-1683	BS_Z6BWR941	KIAA1549--BRAF
BS_JJWC13GG	No	PT_6VJ5PNKS	7316-2174	BS_T2QPMZCM	None
BS_AGGH3QGS	No	PT_XDV8W16W	7316-3751	BS_C6SKJG3N	KIAA1549--BRAF
BS_MJJZJMTK	No	PT_MNHMAH0S	7316-880	NA	NA
BS_RA0VCMWC	No	PT_2FVTD0WR	7316-917	BS_769BDPDB	None
BS_245CTSH9	No	PT_ZD9AYB6F	7316-3323	BS_QTSXW7DA	None
BS_PC2YQ4F6	No	PT_YJBPEF4V	7316-938	BS_S1KK7XRH	KIAA1549--BRAF
BS_1VMBA3BN	No	PT_9C2G356W	7316-3555	BS_MBSTWZA6	KIAA1549--BRAF
BS_MWKJF6XH	No	PT_JXGMAHHN	7316-874	BS_C7A2TYAC	KIAA1549--BRAF
BS_KKWQW01N	No	PT_1N6ATKJS	7316-2725	BS_SQX5E15Z	None
NA	NA	PT_P75ZXB1S	7316-692	BS_9HSGV9TJ	None
NA	NA	PT_TH8M3W34	7316-2130	BS_25T139TX	None
NA	NA	PT_AYVKQZRB	7316-612	BS_T0RKFEKR	KIAA1549--BRAF
NA	NA	PT_BYJ428GA	7316-290	BS_3TQSE8HF	None
NA	NA	PT_AEDWCP8Z	7316-851	BS_9RT63JD9	None
NA	NA	PT_GQDHZFJP	7316-265	BS_CS170P7T	None
NA	NA	PT_RV0RDER2	7316-262	BS_XKKB4MZV	KIAA1549--BRAF
NA	NA	PT_CG2S2H2R	7316-974	BS_J6VKB1VE	None
NA	NA	PT_3HRS5CWF	7316-925	BS_52426AMF	KIAA1549--BRAF
NA	NA	PT_YPCR2XRS	7316-554	BS_MY9D8XZ1	None
NA	NA	PT_C95KPXSW	7316-869	BS_N210XMKR	None
NA	NA	PT_QJDY4Y9P	7316-562	BS_4A45GGSW	KIAA1549--BRAF
NA	NA	PT_B5VQ16GW	7316-488	BS_QRNSKFMS	KIAA1549--BRAF
NA	NA	PT_BXXZE0CQ	7316-381	BS_S7CZY2CH	None
NA	NA	PT_9D2N4S5Z	7316-93	BS_8SKZ7BRN	None
NA	NA	PT_EXYXBDGP	7316-3140	BS_4BWB0FA0	KIAA1549--BRAF
NA	NA	PT_KBA2VNA2	7316-2249	BS_9755PSCS	None
